candidate_id,display_name,curve_quality,curve_kind,points,rated_kw_catalogue,rated_kw_curve,max_cp_rho_1_225,ws_strictly_increasing,power_nonnegative,power_monotonic_to_rated,rated_power_reached,ct_in_0_1,zero_after_cut_out,max_ct,status,notes
ref_v80_hornsrev1,V80-2.0 · Horns Rev 1 / PyWake,public_reference,public_tabular,28,2000.0,2000.0,0.4437678769338141,True,True,True,True,True,True,0.818,PASS,PyWake · Horns Rev 1 V80 dataset
ref_iea37_3350,IEA37 3.35 MW · benchmark,public_reference,public_benchmark,55,3350.0,3350.0,0.43780820952203287,True,True,True,True,True,True,0.88888889,PASS,IEA Wind Task 37 layout-optimization benchmark
ref_iea_10mw_198,IEA 10 MW · 198 m reference turbine,public_reference,public_tabular,57,10000.0,10000.041655,0.4259032932580923,True,True,True,True,True,True,0.7824304,PASS,IEA-10.0-198-RWT · performance_ccblade.dat
ref_iea_15mw_240,IEA 15 MW · 240 m reference turbine,public_reference,public_tabular,55,15000.0,15000.06216,0.44696968302069284,True,True,True,True,True,True,0.80232366,PASS,IEA-15-240-RWT · Rotor Performance tabular data
gen_onshore_1p5_77,Genérica terrestre 1.5 MW · D77 m,approximate,generic_parametric,54,1500.0,1500.0,0.42930159466049467,True,True,True,True,True,True,0.79318572,PASS,Velantis parametric screening model
gen_onshore_2p0_90,Genérica terrestre 2 MW · D90 m,approximate,generic_parametric,54,2000.0,2000.0,0.4309544872405234,True,True,True,True,True,True,0.79392952,PASS,Velantis parametric screening model
gen_onshore_2p0_100,Genérica terrestre 2 MW · D100 m,approximate,generic_parametric,54,2000.0,2000.0,0.42847791076643726,True,True,True,True,True,True,0.79281506,PASS,Velantis parametric screening model
gen_onshore_2p2_120,Genérica terrestre 2.2 MW · D120 m,approximate,generic_parametric,54,2200.0,2200.0,0.4356489646567818,True,True,True,True,True,True,0.79604203,PASS,Velantis parametric screening model
gen_onshore_2p3_93,Genérica terrestre 2.3 MW · D93 m,approximate,generic_parametric,54,2300.0,2300.0,0.42686099426958396,True,True,True,True,True,True,0.79208745,PASS,Velantis parametric screening model
gen_onshore_2p5_100,Genérica terrestre 2.5 MW · D100 m,approximate,generic_parametric,54,2500.0,2500.0,0.42422152614787556,True,True,True,True,True,True,0.79089969,PASS,Velantis parametric screening model
gen_onshore_2p5_120,Genérica terrestre 2.5 MW · D120 m,approximate,generic_parametric,54,2500.0,2500.0,0.434508204693964,True,True,True,True,True,True,0.79552869,PASS,Velantis parametric screening model
gen_onshore_3p0_112,Genérica terrestre 3 MW · D112 m,approximate,generic_parametric,54,3000.0,3000.0,0.4294586335277322,True,True,True,True,True,True,0.79325639,PASS,Velantis parametric screening model
gen_onshore_3p2_130,Genérica terrestre 3.2 MW · D130 m,approximate,generic_parametric,54,3200.0,3200.0,0.43127282825645263,True,True,True,True,True,True,0.79407277,PASS,Velantis parametric screening model
gen_onshore_3p3_155,Genérica terrestre 3.3 MW · D155 m,approximate,generic_parametric,54,3300.0,3300.0,0.4336075258243516,True,True,True,True,True,True,0.79512339,PASS,Velantis parametric screening model
gen_onshore_3p4_132,Genérica terrestre 3.4 MW · D132 m,approximate,generic_parametric,54,3400.0,3400.0,0.43097973857966043,True,True,True,True,True,True,0.79394088,PASS,Velantis parametric screening model
gen_onshore_3p45_126,Genérica terrestre 3.45 MW · D126 m,approximate,generic_parametric,54,3450.0,3450.0,0.42567830394850215,True,True,True,True,True,True,0.79155524,PASS,Velantis parametric screening model
gen_onshore_4p0_145,Genérica terrestre 4 MW · D145 m,approximate,generic_parametric,54,4000.0,4000.0,0.43332406631970627,True,True,True,True,True,True,0.79499583,PASS,Velantis parametric screening model
gen_onshore_4p2_136,Genérica terrestre 4.2 MW · D136 m,approximate,generic_parametric,54,4200.0,4200.0,0.4319801841192564,True,True,True,True,True,True,0.79439108,PASS,Velantis parametric screening model
gen_onshore_4p2_150,Genérica terrestre 4.2 MW · D150 m,approximate,generic_parametric,54,4200.0,4200.0,0.42516312962517977,True,True,True,True,True,True,0.79132341,PASS,Velantis parametric screening model
gen_onshore_4p5_155,Genérica terrestre 4.5 MW · D155 m,approximate,generic_parametric,54,4500.0,4500.0,0.42661678687227894,True,True,True,True,True,True,0.79197755,PASS,Velantis parametric screening model
gen_onshore_4p8_133,Genérica terrestre 4.8 MW · D133 m,approximate,generic_parametric,54,4800.0,4800.0,0.4355745407179693,True,True,True,True,True,True,0.79600854,PASS,Velantis parametric screening model
gen_onshore_5p0_165,Genérica terrestre 5 MW · D165 m,approximate,generic_parametric,54,5000.0,5000.0,0.4315115678462499,True,True,True,True,True,True,0.79418021,PASS,Velantis parametric screening model
gen_onshore_5p7_149,Genérica terrestre 5.7 MW · D149 m,approximate,generic_parametric,54,5700.0,5700.0,0.4356673474376868,True,True,True,True,True,True,0.79605031,PASS,Velantis parametric screening model
gen_onshore_5p7_169,Genérica terrestre 5.7 MW · D169 m,approximate,generic_parametric,54,5700.0,5700.0,0.42756277613755317,True,True,True,True,True,True,0.79240325,PASS,Velantis parametric screening model
gen_onshore_6p0_175,Genérica terrestre 6 MW · D175 m,approximate,generic_parametric,54,6000.0,6000.0,0.4327140050716675,True,True,True,True,True,True,0.7947213,PASS,Velantis parametric screening model
gen_onshore_6p7_191,Genérica terrestre 6.7 MW · D191 m,approximate,generic_parametric,54,6700.0,6700.0,0.4315174819054835,True,True,True,True,True,True,0.79418287,PASS,Velantis parametric screening model
gen_onshore_7p0_170,Genérica terrestre 7 MW · D170 m,approximate,generic_parametric,54,7000.0,7000.0,0.43494698609747295,True,True,True,True,True,True,0.79572614,PASS,Velantis parametric screening model
gen_offshore_8p0_167,Genérica marina 8 MW · D167 m,approximate,generic_parametric,54,8000.0,8000.0,0.44800515878122676,True,True,True,True,True,True,0.80160232,PASS,Velantis parametric screening model
gen_offshore_10p0_190,Genérica marina 10 MW · D190 m,approximate,generic_parametric,54,10000.0,10000.0,0.4446490102339611,True,True,True,True,True,True,0.80009205,PASS,Velantis parametric screening model
gen_offshore_11p0_200,Genérica marina 11 MW · D200 m,approximate,generic_parametric,54,11000.0,11000.0,0.45380100467999224,True,True,True,True,True,True,0.80421045,PASS,Velantis parametric screening model
gen_offshore_12p0_220,Genérica marina 12 MW · D220 m,approximate,generic_parametric,54,12000.0,12000.0,0.4452172808304116,True,True,True,True,True,True,0.80034778,PASS,Velantis parametric screening model
gen_offshore_14p0_222,Genérica marina 14 MW · D222 m,approximate,generic_parametric,54,14000.0,14000.0,0.45598086552775874,True,True,True,True,True,True,0.80519139,PASS,Velantis parametric screening model
gen_offshore_14p0_236,Genérica marina 14 MW · D236 m,approximate,generic_parametric,54,14000.0,14000.0,0.451377761204788,True,True,True,True,True,True,0.80311999,PASS,Velantis parametric screening model
gen_offshore_16p0_260,Genérica marina 16 MW · D260 m,approximate,generic_parametric,54,16000.0,16000.0,0.45026235475327564,True,True,True,True,True,True,0.80261806,PASS,Velantis parametric screening model
spec_vestas_v150_4p5,Vestas V150-4.5 MW · aproximación por ficha pública,spec_based_approximation,spec_anchored_parametric,61,4500.0,4500.0,0.44172897590629207,True,True,True,True,True,True,0.7988,PASS,Vestas · ficha técnica pública V150-4.5 MW
spec_vestas_v163_4p5,Vestas V163-4.5 MW · aproximación por ficha pública,spec_based_approximation,spec_anchored_parametric,61,4500.0,4500.0,0.4377161903684605,True,True,True,True,True,True,0.797,PASS,Vestas · ficha técnica pública V163-4.5 MW
spec_sg_5p0_145,Siemens Gamesa SG 5.0-145 · aproximación por ficha pública,spec_based_approximation,spec_anchored_parametric,61,5000.0,5000.0,0.43947909666452145,True,True,True,True,True,True,0.7978,PASS,Siemens Gamesa · ficha técnica pública SG 5.0-145
spec_sg_7p0_170,Siemens Gamesa SG 7.0-170 · aproximación por ficha pública,spec_based_approximation,spec_anchored_parametric,61,7000.0,7000.0,0.4349470450810595,True,True,True,True,True,True,0.7957,PASS,Siemens Gamesa · ficha técnica pública SG 7.0-170
spec_ge_6p1_158,GE Vernova 6.1-158 · aproximación por ficha pública,spec_based_approximation,spec_anchored_parametric,61,6100.0,6100.0,0.43878515555703923,True,True,True,True,True,True,0.7975,PASS,GE Vernova · ficha técnica pública 6.1 MW-158 m
spec_nordex_n163_5x,Nordex N163/5.X · 5.7 MW · aproximación por ficha pública,spec_based_approximation,spec_anchored_parametric,61,5700.0,5700.0,0.4328522706483405,True,True,True,True,True,True,0.7948,PASS,Nordex · ficha técnica pública N163/5.X
spec_nordex_n175_6x,Nordex N175/6.X · 6.8 MW · aproximación por ficha pública,spec_based_approximation,spec_anchored_parametric,61,6800.0,6800.0,0.43494706249938425,True,True,True,True,True,True,0.7957,PASS,Nordex · ficha técnica pública N175/6.X
spec_nordex_n133_4p8,Nordex N133/4.8 · aproximación por ficha pública,spec_based_approximation,spec_anchored_parametric,61,4800.0,4800.0,0.4342676830510946,True,True,True,True,True,True,0.7954,PASS,Nordex · ficha técnica pública N133/4.8
